11-docs-readme.md	https://docs.flap.sh/flap/readme	Brief Overview of Flap	1622
12-docs-flap-official-links.md	https://docs.flap.sh/flap/flap-official-links	Flap Official Links	518
13-docs-developers.md	https://docs.flap.sh/flap/developers	Developers	1249
14-docs-developers-deployed-contract-addresses.md	https://docs.flap.sh/flap/developers/deployed-contract-addresses	Deployed Contract Addresses	8488
15-docs-developers-basic-and-mechanism.md	https://docs.flap.sh/flap/developers/basic-and-mechanism	Basic & Mechanism	1100
16-docs-developers-basic-and-mechanism-bonding-curve.md	https://docs.flap.sh/flap/developers/basic-and-mechanism/bonding-curve	Bonding Curve	5021
17-docs-developers-basic-and-mechanism-list-on-dex.md	https://docs.flap.sh/flap/developers/basic-and-mechanism/list-on-dex	Migrated To DEX	3319
18-docs-developers-basic-and-mechanism-portal-vs-vaultportal.md	https://docs.flap.sh/flap/developers/basic-and-mechanism/portal-vs-vaultportal	Portal vs VaultPortal	1422
19-docs-developers-basic-and-mechanism-protocol-economics.md	https://docs.flap.sh/flap/developers/basic-and-mechanism/protocol-economics	protocol-economics	1252
20-docs-developers-basic-and-mechanism-flap-tax-token.md	https://docs.flap.sh/flap/developers/basic-and-mechanism/flap-tax-token	Flap Tax Token	867
21-docs-developers-basic-and-mechanism-flap-tax-token-prebond-tax.md	https://docs.flap.sh/flap/developers/basic-and-mechanism/flap-tax-token/prebond-tax	PreBond Tax	1333
22-docs-developers-basic-and-mechanism-flap-tax-token-tax-token-v1.md	https://docs.flap.sh/flap/developers/basic-and-mechanism/flap-tax-token/tax-token-v1	Tax Token V1	1686
23-docs-developers-basic-and-mechanism-flap-tax-token-tax-token-v2.md	https://docs.flap.sh/flap/developers/basic-and-mechanism/flap-tax-token/tax-token-v2	Tax Token V2	3636
24-docs-developers-basic-and-mechanism-flap-tax-token-tax-token-v3.md	https://docs.flap.sh/flap/developers/basic-and-mechanism/flap-tax-token/tax-token-v3	Tax Token V3	19893
25-docs-developers-basic-and-mechanism-flap-tax-token-tax-liquidation-mechanis.md	https://docs.flap.sh/flap/developers/basic-and-mechanism/flap-tax-token/tax-liquidation-mechanism	Tax Liquidation Mechanism	16155
26-docs-developers-wallet-and-terminal-and-bot-developers.md	https://docs.flap.sh/flap/developers/wallet-and-terminal-and-bot-developers	Wallet & Terminal & Bot Developers	1984
27-docs-developers-wallet-and-terminal-and-bot-developers-a-quick-start-for-wa.md	https://docs.flap.sh/flap/developers/wallet-and-terminal-and-bot-developers/a-quick-start-for-wallet-terminal-bot-developers	A Quick Start For Wallet & Terminal & Bot Developers	2287
28-docs-developers-wallet-and-terminal-and-bot-developers-deployed-contract-ad.md	https://docs.flap.sh/flap/developers/wallet-and-terminal-and-bot-developers/deployed-contract-addresses	Deployed Contract Addresses	442
29-docs-developers-wallet-and-terminal-and-bot-developers-index-token-created-.md	https://docs.flap.sh/flap/developers/wallet-and-terminal-and-bot-developers/index-token-created-events	Index Token Created Events	5671
30-docs-developers-wallet-and-terminal-and-bot-developers-indexing-vaults.md	https://docs.flap.sh/flap/developers/wallet-and-terminal-and-bot-developers/indexing-vaults	Indexing Vault Factories & Vaults	5306
31-docs-developers-wallet-and-terminal-and-bot-developers-indexing-vaults-inde.md	https://docs.flap.sh/flap/developers/wallet-and-terminal-and-bot-developers/indexing-vaults/index-and-query-a-stocks-vault	Index & Query a Stocks Vault	5949
32-docs-developers-wallet-and-terminal-and-bot-developers-bonding-curve-in-dev.md	https://docs.flap.sh/flap/developers/wallet-and-terminal-and-bot-developers/bonding-curve-in-developers-perspective	Bonding Curve In Developers' Perspective	8103
33-docs-developers-wallet-and-terminal-and-bot-developers-inspect-a-token.md	https://docs.flap.sh/flap/developers/wallet-and-terminal-and-bot-developers/inspect-a-token	Inspect A Token	16298
34-docs-developers-wallet-and-terminal-and-bot-developers-parse-token-meta.md	https://docs.flap.sh/flap/developers/wallet-and-terminal-and-bot-developers/parse-token-meta	Parse Token Meta	2465
35-docs-developers-wallet-and-terminal-and-bot-developers-token-version-specif.md	https://docs.flap.sh/flap/developers/wallet-and-terminal-and-bot-developers/token-version-specification	Token Version Specification	6846
36-docs-developers-wallet-and-terminal-and-bot-developers-inspect-a-tax-token.md	https://docs.flap.sh/flap/developers/wallet-and-terminal-and-bot-developers/inspect-a-tax-token	Inspect A Tax Token	22962
37-docs-developers-wallet-and-terminal-and-bot-developers-trade-tokens.md	https://docs.flap.sh/flap/developers/wallet-and-terminal-and-bot-developers/trade-tokens	Trade Tokens	27860
38-docs-developers-wallet-and-terminal-and-bot-developers-token-migration.md	https://docs.flap.sh/flap/developers/wallet-and-terminal-and-bot-developers/token-migration	Token Migration	871
39-docs-developers-token-launcher-developers.md	https://docs.flap.sh/flap/developers/token-launcher-developers	Token Launcher Developers	1097
40-docs-developers-token-launcher-developers-quick-start-token-launcher-develo.md	https://docs.flap.sh/flap/developers/token-launcher-developers/quick-start-token-launcher-developers	Quick start for token launcher developers	1522
41-docs-developers-token-launcher-developers-deployed-contract-addresses.md	https://docs.flap.sh/flap/developers/token-launcher-developers/deployed-contract-addresses	Deployed Contract Addresses	429
42-docs-developers-token-launcher-developers-launch-token-through-portal.md	https://docs.flap.sh/flap/developers/token-launcher-developers/launch-token-through-portal	Launch token through Portal	112566
43-docs-developers-token-launcher-developers-launch-token-through-vaultportal.md	https://docs.flap.sh/flap/developers/token-launcher-developers/launch-token-through-vaultportal	Launch token through VaultPortal	37672
44-docs-developers-token-launcher-developers-registered-vaults.md	https://docs.flap.sh/flap/developers/token-launcher-developers/registered-vaults	Registered vaults	9720
45-docs-developers-token-launcher-developers-robinhood-integration-guide.md	https://docs.flap.sh/flap/developers/token-launcher-developers/robinhood-integration-guide	Robinhood Chain Integration Guide	11035
46-docs-developers-vault-developers.md	https://docs.flap.sh/flap/developers/vault-developers	Vault Developers	1497
47-docs-developers-vault-developers-quick-start-vault-developers.md	https://docs.flap.sh/flap/developers/vault-developers/quick-start-vault-developers	Quick start for Vault Developers	9472
48-docs-developers-vault-developers-deployed-contract-addresses.md	https://docs.flap.sh/flap/developers/vault-developers/deployed-contract-addresses	Deployed Contract Addresses	420
49-docs-developers-vault-developers-vault-and-vaultfactory-specification.md	https://docs.flap.sh/flap/developers/vault-developers/vault-and-vaultfactory-specification	Vault & VaultFactory Specification	65244
50-docs-developers-vault-developers-flap-tax-vault.md	https://docs.flap.sh/flap/developers/vault-developers/flap-tax-vault	Flap Tax Vault	9778
51-docs-developers-vault-developers-gift-vault.md	https://docs.flap.sh/flap/developers/vault-developers/gift-vault	Gift Vault	20004
52-docs-developers-vault-developers-building-a-vault-ui.md	https://docs.flap.sh/flap/developers/vault-developers/building-a-vault-ui	Building a Vault UI	18389
53-docs-developers-vault-developers-case-study-beacon-upgradeable-vault.md	https://docs.flap.sh/flap/developers/vault-developers/case-study-beacon-upgradeable-vault	Building Upgradeable Vaults - Beacon Proxy Pattern	21689
54-docs-developers-vault-developers-tutorials.md	https://docs.flap.sh/flap/developers/vault-developers/tutorials	Tutorials	634
55-docs-developers-vault-developers-tutorials-lp-token-as-dividend.md	https://docs.flap.sh/flap/developers/vault-developers/tutorials/lp-token-as-dividend	Using an LP Token or Child Token as the Dividend Token	11583
56-docs-developers-vault-developers-tutorials-basket-token-multi-asset-dividen.md	https://docs.flap.sh/flap/developers/vault-developers/tutorials/basket-token-multi-asset-dividends	Using a Basket Token to Distribute Multiple Dividend Assets	11921
57-docs-developers-preview.md	https://docs.flap.sh/flap/developers/preview	Preview	409
58-docs-developers-preview-flap-ai-oracle.md	https://docs.flap.sh/flap/developers/preview/flap-ai-oracle	Flap AI Oracle	41662
59-docs-developers-preview-flap-candy-box.md	https://docs.flap.sh/flap/developers/preview/flap-candy-box	Flap Candy Box	16622
60-docs-developers-preview-flap-trigger-service.md	https://docs.flap.sh/flap/developers/preview/flap-trigger-service	Flap Trigger Service	16756
61-docs-developers-preview-worldcup-resolver.md	https://docs.flap.sh/flap/developers/preview/worldcup-resolver	World Cup Resolver	9086
62-docs-developers-preview-worldcup-viewer.md	https://docs.flap.sh/flap/developers/preview/worldcup-viewer	World Cup Viewer	70114
63-docs-developers-preview-x-general-verifier.md	https://docs.flap.sh/flap/developers/preview/x-general-verifier	X General Verifier	13824
64-docs-developers-preview-recent-release.md	https://docs.flap.sh/flap/developers/preview/recent-release	Recent Release	559
65-docs-developers-preview-recent-release-v5-14-16-buy-quota.md	https://docs.flap.sh/flap/developers/preview/recent-release/v5.14.16-buy-quota	Buy Quota (v5.14.16)	9972
66-docs-audit-reports.md	https://docs.flap.sh/flap/audit-reports	Audit Reports	768
67-docs-media-kit.md	https://docs.flap.sh/flap/media-kit	Media Kit	317
68-docs-skills.md	https://docs.flap.sh/flap/skills	Flap Skills for AI Agents	3479
69-docs-skills-using-with-binance-agentic-wallet.md	https://docs.flap.sh/flap/skills/using-with-binance-agentic-wallet	Using Flap Skills with the Binance Agentic Wallet	10759